Date,Close,High,Low,Open,Volume,VIX
2022-01-03,455.8104248046875,455.94402078870445,452.1273920142774,454.46505966747395,72668200,16.600000381469727
2022-01-04,455.65777587890625,457.97640008982404,453.7780849614112,457.2512312733586,71178700,16.90999984741211
2022-01-05,446.90814208984375,456.06805678954737,446.8127205486723,455.28564091793396,104538900,19.729999542236328
2022-01-06,446.4883117675781,449.23628909651006,444.0933679351915,446.4406155561511,86858900,19.610000610351562
2022-01-07,444.72308349609375,447.6905272471142,443.349094929474,446.4978308607126,85111600,18.760000228881836
2022-01-10,444.16973876953125,444.389176295221,435.6681944074084,441.48855929892864,119362000,19.399999618530273
2022-01-11,448.21539306640625,448.31081462041647,440.86837018617075,443.90261253970317,74303100,18.40999984741211
2022-01-12,449.4271545410156,451.50723955540445,447.44252019754674,449.9710311827004,67605400,17.6200008392334
2022-01-13,443.234619140625,451.2018371563382,442.19459134272347,450.5434663942206,91173100,20.309999465942383
2022-01-14,443.41595458984375,443.7689881103514,438.8169096957474,440.0477806909124,95890900,19.190000534057617
2022-01-18,435.56317138671875,438.87409773502543,434.43727298133973,438.66418200533064,109709100,22.790000915527344
2022-01-19,431.04046630859375,438.54012707476136,430.7637525987175,437.12799321448995,109357600,23.850000381469727
2022-01-20,426.26971435546875,437.71004946980986,424.1228607297277,432.9488145244408,122379700,25.59000015258789
2022-01-21,417.9017333984375,427.5196240681427,417.8731098504364,425.1342313395035,202271200,28.850000381469727
2022-01-24,419.67645263671875,420.19170562056115,401.47114809944503,412.2244880637332,251783900,29.899999618530273
2022-01-25,414.55267333984375,419.56199856119224,407.5682357570505,413.2073082147393,167997300,31.15999984741211
2022-01-26,413.5126037597656,423.683921819535,409.1997950829611,420.51611329659585,186391100,31.959999084472656
2022-01-27,411.47076416015625,421.34629754508484,409.76284364392416,418.168966707125,149878300,30.489999771118164
2022-01-28,421.6897888183594,421.73748503123016,408.2075428392726,412.844732883292,164457400,27.65999984741211
2022-01-31,429.28485107421875,429.63788456422157,419.64785794069275,421.012295690161,152251400,24.829999923706055
2022-02-01,432.18548583984375,432.83430570302926,426.4509921419572,430.0195305080426,123155400,21.959999084472656
2022-02-02,436.38372802734375,437.11841846539346,432.2808352845861,434.61853167979467,117361000,22.09000015258789
2022-02-03,426.1266174316406,432.20459422350393,425.2774035345961,430.2772071346521,118024400,24.350000381469727
2022-02-04,428.13037109375,432.0233198740492,423.48360081176867,425.88809572535416,118454400,23.219999313354492
2022-02-07,426.75634765625,430.3153352851843,425.4109825444908,428.9032013012466,84472900,22.860000610351562
2022-02-08,430.2676696777344,431.2027542589715,424.8098890806237,426.2506758361312,81012000,21.440000534057617
2022-02-09,436.5650939941406,436.88950394832347,434.15107743982577,434.3514422988808,92589900,19.959999084472656
2022-02-10,428.721923828125,436.72728766422495,426.6991152054699,430.6493109062352,140103700,23.90999984741211
2022-02-11,420.26806640625,430.90691321691406,418.81775796478564,428.8077848767867,153214600,27.360000610351562
2022-02-14,418.8940734863281,421.3558153101049,415.3827820623974,419.75283824073216,123006300,28.329999923706055
2022-02-15,425.6495361328125,425.8212774417239,422.86338427445924,423.388188209778,88482700,25.700000762939453
2022-02-16,426.1266174316406,427.5196788103441,421.68024132188873,423.5790048590743,84863600,24.290000915527344
2022-02-17,417.02392578125,426.09796968559357,416.41328034085393,422.9015373777113,102259100,28.110000610351562
2022-02-18,414.32366943359375,418.5505786166429,412.02414720949537,417.28153330164554,132642900,27.75
2022-02-22,409.8772277832031,415.53537178134644,406.33728436248055,412.09087900250205,124391800,28.809999465942383
2022-02-23,402.6066589355469,413.3981749869801,402.03415876801796,412.82567481945114,132578000,31.020000457763672
2022-02-24,408.66546630859375,409.10439953139513,391.8150778757188,392.17763310705095,213942900,30.31999969482422
2022-02-25,417.68231201171875,417.7681826650203,408.2456833785054,409.91545846935753,121804500,27.59000015258789
2022-02-28,416.6136779785156,418.11171182520815,410.9555325661179,412.22454887589333,145615000,30.149999618530273
2022-03-01,410.2685852050781,417.1289788370756,407.5301291685368,415.09661903563546,137785900,33.31999969482422
2022-03-02,417.8158874511719,419.56198221957794,411.7856072882721,412.5489213591301,117726500,30.739999771118164
2022-03-03,415.73583984375,420.8882830783172,413.9133960344633,420.2776375908429,105501700,30.479999542236328
2022-03-04,412.35809326171875,413.50306432874675,408.26475108457515,411.95733446119215,113978200,31.979999542236328
2022-03-07,400.20208740234375,412.4820840661441,400.1352894199032,411.7664662734419,137896600,36.45000076293945
2022-03-08,397.16790771484375,407.62546176838356,396.0897054925874,400.38341260301814,164772700,35.130001068115234
2022-03-09,407.8163146972656,409.82005055426384,403.4367368330275,405.6503884296839,116990800,32.45000076293945
2022-03-10,405.9748229980469,406.8812548826684,401.1658624732267,403.15049667156745,93972700,30.229999542236328
2022-03-11,400.8127746582031,409.1139238467332,400.2975216778535,408.4937275636891,95636300,30.75
2022-03-14,397.883544921875,405.08741999905317,396.7290228847727,401.59523033702686,95729200,31.770000457763672
2022-03-15,406.6331787109375,407.2724477159236,399.23846055687824,400.5265494566032,106219100,29.829999923706055
2022-03-16,415.64990234375,415.7071494390392,405.32591575433656,410.1826009136886,144954800,26.670000076293945
2022-03-17,420.85015869140625,420.85015869140625,413.33139466222354,413.71305175070313,102676900,25.670000076293945
2022-03-18,425.4595947265625,425.78501249787223,418.4726201817354,419.2191737062759,106345500,23.8700008392334
2022-03-21,425.3351745605469,427.31639357395176,421.7842332897094,425.28730096720227,88349800,23.530000686645508
2022-03-22,430.31219482421875,431.25973563713376,426.7421215856696,426.7421215856696,74650400,22.940000534057617
2022-03-23,424.77044677734375,429.25934828076674,424.68430936025135,427.74710938787933,79426100,23.56999969482422
2022-03-24,431.173583984375,431.18316454468254,425.68929738882593,426.81869356215094,64736900,21.670000076293945
2022-03-25,433.279296875,433.55687026463494,429.20195028908876,431.81490227441645,77101300,20.809999465942383
2022-03-28,436.3611755371094,436.3611755371094,430.76201008839234,432.6762526890461,68529800,19.6299991607666
2022-03-29,441.7593688964844,442.25709071647043,437.57675306698206,440.29497432811587,86581500,18.899999618530273
2022-03-30,439.0316162109375,441.42441981093384,436.8972248844906,440.6012801838404,79666900,19.329999923706055
2022-03-31,432.27435302734375,439.08905319343927,431.81492420830403,438.25636219126596,121699900,20.559999465942383
2022-04-01,433.49945068359375,434.0162752250027,429.88153284859106,433.8727128523891,89048800,19.6299991607666
2022-04-04,437.21307373046875,437.31837228036255,432.8677633078613,433.70045430935147,59601000,18.56999969482422
2022-04-05,431.6904602050781,438.19887398615793,430.5323514994475,435.7008011737199,74214500,21.030000686645508
2022-04-06,427.373779296875,429.6804450644482,424.45457110471835,427.72793870262933,106898000,22.100000381469727
2022-04-07,429.5273742675781,431.365060267896,424.512067313774,426.4837351257975,78097200,21.549999237060547
2022-04-08,428.3788757324219,431.3076651786387,426.8187630177382,428.7617184896929,79272700,21.15999984741211
2022-04-11,421.0568542480469,425.91901805158534,420.54958108030155,425.0671659951493,89770500,24.3700008392334
2022-04-12,419.4967346191406,426.63685188095405,417.92704154758025,424.08132496387395,84363600,24.260000228881836
2022-04-13,424.3014831542969,425.06716858645797,419.06602795684586,419.2478833585638,74070400,21.81999969482422
2022-04-14,419.0181579589844,425.6605823690209,418.9128594233079,424.53115699343107,97869500,22.700000762939453
2022-04-18,419.19049072265625,420.8941657682062,416.93166886832614,418.08022631412507,66002500,22.170000076293945
2022-04-19,425.95733642578125,426.6847288624643,418.9129073958592,419.08518224593973,77821000,21.3700008392334
2022-04-20,425.6414489746094,428.378831363182,424.4642083481592,427.75670829592406,65224400,20.31999969482422
2022-04-21,419.2765808105469,430.7141927512222,418.35775248306726,429.3072231830381,85417300,22.68000030517578
2022-04-22,407.77197265625,419.2956922423888,407.19769402624064,418.1758766624438,132471800,28.209999084472656
2022-04-25,410.1361083984375,410.3083832436051,400.8807314293421,405.5036442378666,119647700,27.020000457763672
2022-04-26,398.2582702636719,407.7720605079967,398.2295577864367,407.5710439583199,103996300,33.52000045776367
2022-04-27,399.3780517578125,404.78581124755243,397.2149771709448,399.34933928304525,122030000,31.600000381469727
2022-04-28,409.466064453125,411.21761280388006,399.6938640766289,404.18276534802834,105449100,29.989999771118164
2022-04-29,394.3340148925781,407.60928397292037,393.577880811708,405.42704835983704,145491100,33.400001525878906
2022-05-02,396.7076721191406,398.0859292153435,387.6532830159417,394.4010061346487,158312500,32.34000015258789
2022-05-03,398.52618408203125,400.9668317900633,395.6356589714871,397.21493253329896,100028200,29.25
2022-05-04,410.66253662109375,411.23681534635347,395.97071617759474,399.19621086621555,144247900,25.420000076293945
2022-05-05,396.06640625,406.7765971082307,391.88379038376684,406.3458807923875,172929100,31.200000762939453
2022-05-06,393.70233154296875,397.0139635629779,388.3328942587379,393.4726317431385,151770800,30.190000534057617
2022-05-09,381.0970458984375,388.9837169953362,379.4986402866201,387.7298902809223,155586100,34.75
2022-05-10,381.97760009765625,388.66786975846736,377.8907019773014,387.14605014162754,132497200,32.9900016784668
2022-05-11,375.909423828125,386.71533243954747,375.15328975571026,381.001316604722,142361000,32.560001373291016
2022-05-12,375.5169982910156,378.82863008346874,368.63529324003053,372.67434662733314,125090800,31.770000457763672
2022-05-13,384.49481201171875,385.89220108458835,378.6467850380676,379.6996244254463,104174400,28.8700008392334
2022-05-16,382.93475341796875,386.648389666463,380.55153013035556,382.8294840689081,78622400,27.469999313354492
2022-05-17,390.81182861328125,391.05110897035604,385.317931752705,389.0985730780979,83029700,26.100000381469727
2022-05-18,375.05755615234375,386.4855873459579,373.80372952737997,386.19846262612856,117674500,30.959999084472656
2022-05-19,372.7604675292969,377.2398175829103,370.5112265467498,371.9564891117317,98510700,29.350000381469727
2022-05-20,372.9232177734375,380.0059103299585,364.22298770544137,376.38799258674203,131432200,29.43000030517578
2022-05-23,379.9006652832031,380.6759313342398,373.64108271462095,375.9860127818078,76414900,28.479999542236328
2022-05-24,377.0005798339844,378.2065329920415,370.367706024042,375.7275919556099,91448800,29.450000762939453
2022-05-25,380.3313293457031,382.322158232038,375.0863227219556,375.4882973563894,91472900,28.3700008392334
2022-05-26,387.9308776855469,389.58670824579576,381.36503881068194,381.57560668996774,82168300,27.5
2022-05-27,397.4541931152344,397.56904299568987,390.21835855630366,390.4193458471008,84768700,25.719999313354492
2022-05-31,395.22418212890625,398.602819925166,392.4485355635167,395.8175927976894,95937000,26.190000534057617
2022-06-01,392.0273132324219,398.39216409196325,389.4813670468005,397.3680664907555,86585800,25.690000534057617
2022-06-02,399.4928894042969,399.5407337876007,389.5866777113118,391.8646311698581,79609600,24.719999313354492
2022-06-03,392.9366455078125,396.2865705593361,391.95081158958243,394.71687737200284,71874300,24.790000915527344
2022-06-06,394.1330261230469,398.7463290328403,392.94617573503086,396.99480973775064,57508900,25.06999969482422
2022-06-07,397.91363525390625,398.3730640339569,390.1322337203945,390.60124306118365,59272400,24.020000457763672
2022-06-08,393.58746337890625,397.99022766185874,392.78348490778,396.1812541950544,64350000,23.959999084472656
2022-06-09,384.2268371582031,394.08517640788494,384.2268371582031,391.78809077008833,86289800,26.09000015258789
2022-06-10,373.0859375,378.8095344085753,373.03809311008894,377.9481309269711,132893900,27.75
2022-06-13,358.92047119140625,365.4384646115204,357.29335337172944,363.5625151272863,170004900,34.02000045776367
2022-06-14,357.83892822265625,361.7344188417959,354.6995715931216,360.69116015184636,104011800,32.689998626708984
2022-06-15,362.9404296875,367.43888253291334,356.1639941335375,361.17930068944565,125666800,29.6200008392334
2022-06-16,350.92852783203125,355.0345864932004,348.46871901757845,354.6230313337775,134473300,32.95000076293945
2022-06-17,351.68505859375,355.0686980314142,348.138051421064,351.34864250733773,111113900,31.1299991607666
2022-06-21,360.5382080078125,361.9416332154846,357.40450481631626,357.4814217054807,76811900,30.190000534057617
2022-06-22,359.8846435546875,364.0468690767001,355.837734722438,356.26068970412297,90059400,28.950000762939453
2022-06-23,363.4123840332031,364.15254047647903,358.44270772012106,362.0474171549332,79292100,29.049999237060547
2022-06-24,374.9666442871094,374.97626623223783,366.59411460062415,366.622951100811,98050300,27.229999542236328
2022-06-27,373.5344543457031,376.19712282537705,372.42901584581267,375.89913582110756,66009600,26.950000762939453
2022-06-28,365.90203857421875,377.92735881386756,365.7866925642309,375.1108861742609,86548900,28.360000610351562
2022-06-29,365.60400390625,367.4592204403231,363.7584093168209,366.4595355940478,65676000,28.15999984741211
2022-06-30,362.6337585449219,365.9116444154127,358.12546639671245,361.66288077825345,112508300,28.709999084472656
2022-07-01,366.46917724609375,366.91137606613574,359.3174312507828,361.9705068302307,74839700,26.700000762939453
2022-07-05,367.16131591796875,367.180559811576,358.4523393229211,361.3168926260618,81438000,27.540000915527344
2022-07-06,368.40130615234375,370.9197917969221,364.89272815126634,367.3054603975696,70426200,26.729999542236328
2022-07-07,373.9188537597656,374.72630504569,368.42046985877863,370.19879881078674,64525900,26.079999923706055
2022-07-08,373.611328125,375.50500334317223,370.7179385982737,372.2655464524384,72397800,24.639999389648438
2022-07-11,369.3433837890625,371.88108423973273,368.6416563857254,370.90061373257436,58366900,26.170000076293945
2022-07-12,366.0750732421875,371.19858364143073,364.30636589794364,368.7858219336144,62219200,27.290000915527344
2022-07-13,364.1525573730469,367.1228639001298,360.14413672325855,360.5670916633842,84224600,26.81999969482422
2022-07-14,363.2681884765625,364.36400485108635,356.66436572278616,359.13477087197043,89704800,26.399999618530273
2022-07-15,370.20849609375,370.32384211018433,365.79633495392045,367.7284393996011,79060400,24.229999542236328
2022-07-18,367.1517028808594,374.0150547552047,365.911674555524,373.3325712797977,63203600,25.299999237060547
2022-07-19,377.0718688964844,377.64862834568623,370.4584524626098,371.1216920937071,78506000,24.5
2022-07-20,379.4749755859375,380.9072668041293,375.87988795927413,377.2640987820411,71843800,23.8799991607666
2022-07-21,383.3392639160156,383.38731497885783,376.45666787635133,378.88864422727045,64903900,23.110000610351562
2022-07-22,379.7825622558594,384.6753509090649,377.53322713446744,383.4641885115153,72197300,23.030000686645508
2022-07-25,380.24395751953125,381.1090818580966,377.9753786149749,380.4169765202046,53631500,23.360000610351562
2022-07-26,375.74530029296875,378.79246480437615,374.8417174784014,378.5809873512817,52946400,24.690000534057617
2022-07-27,385.5020446777344,387.2707518773726,378.7828465059742,379.08083346522193,82342100,23.239999771118164
2022-07-28,390.337158203125,391.03885617779997,382.7239991946979,386.3191159125216,73966600,22.329999923706055
2022-07-29,396.02783203125,397.0275464396148,391.01007476617787,391.7886897439301,87003700,21.329999923706055
2022-08-01,394.8550720214844,397.39280165613854,392.5769002520845,393.2978421707656,69997500,22.84000015258789
2022-08-02,392.2500915527344,396.99869818290057,391.0581435895228,393.26902048939,63435400,23.93000030517578
2022-08-03,398.3925476074219,399.57487367334056,394.1149468164302,394.40331187270203,67820600,21.950000762939453
2022-08-04,398.1233215332031,399.0076604280302,396.46033846384563,398.31555508915756,45656600,21.440000534057617
2022-08-05,397.45050048828125,398.1041474965762,393.7304446397982,393.788117650224,56814900,21.149999618530273
2022-08-08,396.98907470703125,401.43969432924933,395.8740143148502,399.1615224827634,53886100,21.290000915527344
2022-08-09,395.4125671386719,396.75831935059244,394.32634342416515,396.2488549655369,44931800,21.770000457763672
2022-08-10,403.7178649902344,403.8620768465882,400.57456868832867,402.55475353934486,68665700,19.739999771118164
2022-08-11,403.7178649902344,408.48571548111863,402.9680865450457,406.601632754068,59489700,20.200000762939453
2022-08-12,410.5523986816406,410.6581227492092,404.71756835768804,405.67882425282875,61694500,19.530000686645508
2022-08-15,412.2441711425781,412.7728794629843,408.2549652186435,408.3126382230223,54048300,19.950000762939453
2022-08-16,413.05169677734375,415.00304519815904,410.3409479360524,411.1580213671769,59289000,19.690000534057617
2022-08-17,410.1197814941406,412.85936639312547,408.0915458355961,409.40846158889923,63563400,19.899999618530273
2022-08-18,411.3118591308594,412.0039353146549,409.01444312500445,410.32173725244866,49023200,19.559999465942383
2022-08-19,405.7845764160156,408.78369010606076,404.9002080876989,408.5145396296516,68016900,20.600000381469727
2022-08-22,397.3350524902344,401.0647293282906,396.4218478341962,400.8916810062228,77695600,23.799999237060547
2022-08-23,396.37384033203125,399.3249027181988,395.81629553281556,396.9025192950674,49105200,24.110000610351562
2022-08-24,397.6427307128906,399.0269121844851,395.4510684913309,396.1431445595275,49177800,22.81999969482422
2022-08-25,403.2564697265625,403.30452078721123,398.04644987039785,399.1518882821356,50942300,21.780000686645508
2022-08-26,389.60662841796875,403.6890215558976,389.54895541049837,403.1411279849289,103087000,25.559999465942383
2022-08-29,387.0304870605469,390.1161104399587,385.65589809527165,386.61715404333046,65370800,26.209999084472656
2022-08-30,382.78167724609375,388.44348818633307,380.6573100679041,388.2031742279569,85652400,26.209999084472656
2022-08-31,379.8691101074219,385.69431867693766,379.7345495319771,384.4350757596623,76029700,25.8700008392334
2022-09-01,381.06103515625,381.4070731615499,374.92821849060084,377.6678033733537,78740100,25.559999465942383
2022-09-02,377.04296875,386.0018799211823,375.2069666364603,384.7714736603263,99632100,25.469999313354492
2022-09-06,375.620361328125,378.850167040762,373.3710260635667,377.8985330960032,76637400,26.90999984741211
2022-09-07,382.3683776855469,383.14699263189715,375.082070738466,375.30314082495886,70964200,24.639999389648438
2022-09-08,384.8676452636719,385.3290293251323,378.8501738903728,380.0709876684587,80821700,23.610000610351562
2022-09-09,390.8466796875,391.72142613240874,386.8670659272694,387.13621642299483,76706900,22.790000915527344
2022-09-12,395.04730224609375,395.77786605050534,392.63454077061806,392.9421496709176,69256300,23.8700008392334
2022-09-13,377.86968994140625,387.48224868153255,376.73541505051963,386.26143494700773,122947100,27.270000457763672
2022-09-14,379.31158447265625,380.84959978158463,375.96640337587723,379.1866165118705,85023700,26.15999984741211
2022-09-15,375.00518798828125,380.618919537426,373.717108461767,377.735151522339,87633800,26.270000457763672
2022-09-16,372.14422607421875,372.8102195024074,368.81425893327554,370.77365224787565,103084800,26.299999237060547
2022-09-19,375.03021240234375,375.03021240234375,368.88186419270846,368.95909705113775,73278500,25.760000228881836
2022-09-20,370.7253723144531,372.6847361625828,367.9359467810863,371.66162180576845,77274900,27.15999984741211
2022-09-21,364.258544921875,375.7637662097036,364.2488834509297,372.67509998902653,106746600,27.989999771118164
2022-09-22,361.1988220214844,365.13684334305634,360.4459637046087,363.4766904576762,89472600,27.350000381469727
2022-09-23,355.1470642089844,357.7241441398762,350.6492069868189,357.6855277061192,122346900,29.920000076293945
2022-09-26,351.6336669921875,357.3283679418057,350.39820634733576,353.66060243681915,92581200,32.2599983215332
2022-09-27,350.7360534667969,357.5117791780384,348.3133804866412,355.2145875092273,108294100,32.599998474121094
2022-09-28,357.6372375488281,359.34563898306243,349.9831726048501,351.701235510324,110802200,30.18000030517578
2022-09-29,350.1665344238281,354.33619530627595,347.1840561759811,354.0466457504471,112952300,31.84000015258789
2022-09-30,344.7518005371094,353.1780479976644,344.6166871988766,349.21104144584865,153711200,31.6200008392334
2022-10-03,353.8536682128906,355.72616762006106,346.71115958069134,348.51608759191953,89756500,30.100000381469727
2022-10-04,364.8183898925781,364.84734485283025,353.81506316117395,359.4421931120172,103602800,29.06999969482422
2022-10-05,363.9690246582031,366.2565550080523,358.0426833146813,360.39778506064886,88065700,28.549999237060547
2022-10-06,360.21435546875,365.54227406391703,359.71243024325867,362.5501340210394,82333500,30.520000457763672
2022-10-07,350.1665344238281,360.30118125767257,348.38090028101027,356.13149091952226,107789500,31.360000610351562
2022-10-10,347.4929504394531,351.53716008098354,345.22474318780775,351.2958589303228,76042800,32.45000076293945
2022-10-11,345.2922668457031,350.3982071710006,343.33290278428467,345.77486912147816,92482800,33.630001068115234
2022-10-12,344.1533203125,347.29989646454476,343.90235771219085,345.707314902231,76991800,33.56999969482422
2022-10-13,353.23590087890625,354.722324093684,335.9973327607428,337.05906362844115,147254500,31.940000534057617
2022-10-14,345.18609619140625,357.3766339562815,344.5393962043869,355.7261130237995,123737000,32.02000045776367
2022-10-17,354.0563049316406,355.17594563311036,344.84824619168785,351.34408277200447,93168200,31.3700008392334
2022-10-18,358.21630859375,362.3859986118563,354.73190544230783,362.077126138878,97162900,30.5
2022-10-19,355.6778564453125,358.911297395047,352.83049140247834,356.15079722208765,79746900,30.760000228881836
2022-10-20,352.6954040527344,359.7027986288326,351.92322272638836,355.2242353031429,88283100,29.979999542236328
2022-10-21,361.2664489746094,361.758683305707,350.8904992088786,352.4155095627723,131038400,29.690000534057617
2022-10-24,365.68701171875,366.8356073909971,360.1274245627106,362.81072125858736,85436900,29.850000381469727
2022-10-25,371.52655029296875,371.84505483562714,365.4940218238639,365.6098416575578,78846300,28.459999084472656
2022-10-26,368.7274169921875,374.093951721316,368.0807464644786,368.34134107861,104087300,27.280000686645508
2022-10-27,366.7583923339844,371.6037080004835,366.1309858857858,369.7408705076677,81971800,27.389999389648438
2022-10-28,375.48388671875,375.96648902367366,366.4688791974609,366.6522704297885,100302000,25.75
2022-10-31,372.77166748046875,374.88546795153775,371.8547407662759,372.99367514678863,96631300,25.8799991607666
2022-11-01,371.1404113769531,376.8061863460737,369.95322873313677,376.56488522910905,85407600,25.809999465942383
2022-11-02,361.8262023925781,375.1074255985711,361.7200440374336,370.5419977575852,126990400,25.860000610351562
2022-11-03,358.1005554199219,361.17956034159533,355.9578001053984,358.5445412726377,87100100,25.299999237060547
2022-11-04,363.2547302246094,365.6870350325933,357.12567557694524,363.8821072770496,103505200,24.549999237060547
2022-11-07,366.7294921875,367.32791431456917,362.4632749806646,364.56741389703893,68286900,24.350000381469727
2022-11-08,368.70819091796875,371.71962483244806,364.5771160304147,367.8491446066706,84641100,25.540000915527344
2022-11-09,361.1119689941406,367.8780620529582,360.6100437959627,366.7101433846629,78495500,26.09000015258789
2022-11-10,380.95654296875,381.2943704140577,372.2214545647042,374.5475713452386,141455800,23.530000686645508
2022-11-11,384.64373779296875,385.4545062133873,379.9142111569621,381.82532708376226,93839900,22.520000457763672
2022-11-14,381.3716125488281,386.25554515730494,381.09169498505867,382.858035785753,71903500,23.729999542236328
2022-11-15,384.6243591308594,388.3114476524272,380.7635408563061,387.191806818122,93194500,24.540000915527344
2022-11-16,381.6901550292969,383.93906869355703,381.0531164850205,382.97386413356963,68508500,24.110000610351562
2022-11-17,380.522216796875,381.2075332074426,376.56490186835515,376.87374492538265,74496300,23.93000030517578
2022-11-18,382.2499084472656,383.9679711508985,379.363956633335,383.9003997715693,92922500,23.1200008392334
2022-11-21,380.8600158691406,382.0472279325985,378.9971783721253,380.9082937644888,51243200,22.360000610351562
2022-11-22,385.9852294921875,386.1493271989201,381.4005086417979,382.82902174239246,60429000,21.290000915527344
2022-11-23,388.4176025390625,388.9098367974529,385.41580126814495,385.6474409191522,68261600,20.350000381469727
2022-11-25,388.3307189941406,388.89055410722,387.5682286365076,387.84811673734316,30545400,20.5
2022-11-28,382.1341247558594,386.86362100910424,381.3619434670269,385.2034680577448,67881600,22.209999084472656
2022-11-29,381.4778137207031,383.4757647990618,379.6149465097958,382.26925908366616,52310000,21.889999389648438
2022-11-30,393.49456787109375,393.49456787109375,379.78868149193926,381.7287225286576,144566700,20.579999923706055
2022-12-01,393.205078125,395.73390961499217,390.6665851626051,394.5466972820921,76398200,19.84000015258789
2022-12-02,392.7514343261719,393.6683610857954,388.1474186716554,388.2535770462155,85342700,19.059999465942383
2022-12-05,385.6860046386719,390.84019235913877,384.3154309499095,389.89431094298715,77289800,20.75
2022-12-06,380.1265563964844,386.07222092002036,378.0127851896364,385.5220766239501,77972200,22.170000076293945
2022-12-07,379.4798278808594,381.8735457907901,378.3312320994056,379.26748169969045,65927900,22.68000030517578
2022-12-08,382.45263671875,383.5336610884183,379.58597806260593,381.39093529149324,60737900,22.290000915527344
2022-12-09,379.5956726074219,383.784657132719,379.47019129363366,381.19791581481877,81447700,22.829999923706055
2022-12-12,385.0683898925781,385.0683898925781,379.72114812014985,380.3967736718847,75405800,25.0
2022-12-13,387.9832763671875,396.2068085763035,385.1841890472731,395.9462139503626,123782500,22.549999237060547
2022-12-14,385.502685546875,391.3904391039446,382.52020706717934,387.6357793225075,108111300,21.139999389648438
2022-12-15,376.0726318359375,381.49707638111954,374.3931854416408,380.58012032923136,117705900,22.829999923706055
2022-12-16,371.63262939453125,374.84212434913303,369.47035859625475,373.4846389529357,119858000,22.6200008392334
2022-12-19,368.4813232421875,372.16596040837743,366.79416487545245,371.8265816496415,79878100,22.420000076293945
2022-12-20,368.98553466796875,370.6242229541673,366.377209743355,367.71531303892186,74427200,21.479999542236328
2022-12-21,374.5028076171875,375.64697186511654,371.0702852824355,371.61327948792604,78167400,20.06999969482422
2022-12-22,369.16015625,374.4834532825559,363.3908049445934,371.41939717330354,100120900,21.969999313354492
2022-12-23,371.28363037109375,371.4290699727955,366.5517980559523,368.12260493626457,59857300,20.8700008392334
2022-12-27,369.8194580078125,371.5163223546151,368.1225936610099,371.1672673212222,51638200,21.649999618530273
2022-12-28,365.223388671875,371.7490547748007,364.9906853166092,369.75157580856137,70911500,22.139999389648438
2022-12-29,371.79754638671875,372.67991944800855,367.56991444421857,368.10323245232166,66970900,21.440000534057617
2022-12-30,370.81817626953125,370.9636158642574,366.93962925835154,369.08254778752337,84022200,21.670000076293945
2023-01-03,369.257080078125,374.69672812801167,366.3578460279055,372.69927875869115,74850700,22.899999618530273
2023-01-04,372.1078186035156,374.16344383395204,368.4619748568753,371.5454127025299,85934100,22.010000228881836
2023-01-05,367.8608093261719,370.24610753892307,367.2596392522316,370.1297558589303,76970500,22.459999084472656
2023-01-06,376.2966003417969,377.4310883093404,367.8898666606057,370.9926863693283,104189600,21.1299991607666
2023-01-09,376.0832824707031,381.74598693229115,375.89907871834697,378.51708009701446,73978100,21.969999313354492
2023-01-10,378.720703125,378.78858479831536,374.5415711623446,375.49182581586547,65358100,20.579999923706055
2023-01-11,383.5107116699219,383.5882991798433,379.49643096495055,380.3206281098179,68881100,21.09000015258789
2023-01-12,384.9070129394531,386.39055604862517,380.5048832061513,384.6258395750699,90157700,18.829999923706055
2023-01-13,386.4002685546875,386.98205655853417,381.39693906715365,381.66843619015316,63903900,18.350000381469727
2023-01-17,385.6924743652344,388.0778025393869,385.0040404243876,386.38093789705215,62677300,19.360000610351562
2023-01-18,379.6030578613281,387.9710272209344,379.3994424421326,386.89474469993775,99632300,20.34000015258789
2023-01-19,376.8396301269531,379.2055165067365,375.5015267150261,377.5377401599957,86958900,20.520000457763672
2023-01-20,383.8598327636719,384.0149782072945,376.58755654305355,378.25533307328743,91806400,19.850000381469727
2023-01-23,388.46563720703125,390.42429309846096,383.7047164620958,384.6743533651547,84178800,19.809999465942383
2023-01-24,388.0486755371094,388.96981278131835,385.5664075918585,386.7687478053796,59524900,19.200000762939453
2023-01-25,388.194091796875,388.53347058894747,381.6102497581479,383.9276958720154,84800300,19.079999923706055
2023-01-26,392.4604797363281,392.6253310060261,387.8837930323548,390.8896729151746,72287400,18.729999542236328
2023-01-27,393.3622741699219,395.76698423490177,391.1902970731456,391.4036183659339,68346200,18.510000228881836
2023-01-30,388.4267883300781,392.8289475307978,388.1262033000586,390.56967729630395,74202000,19.940000534057617
2023-01-31,394.13800048828125,394.1864704947687,388.60135272647386,388.9504373824766,86811800,19.399999618530273
2023-02-01,398.3268127441406,401.1096954061681,390.13339898045155,392.90654621373955,101459200,17.8700008392334
2023-02-02,404.1252136230469,405.6087567041384,400.3436361213397,402.2634979963016,101654500,18.729999542236328
2023-02-03,399.8297119140625,404.30942887636985,398.60796016399155,399.09277852945274,94736800,18.329999923706055
2023-02-06,397.38623046875,398.8019214799618,395.7087777693734,397.3474663028563,60295300,19.43000030517578
2023-02-07,402.5834655761719,403.8439814552216,395.19483862486715,396.45535450391685,90990700,18.65999984741211
2023-02-08,398.18133544921875,401.94353086806785,397.4831957880822,400.58604530223727,76227500,19.6299991607666
2023-02-09,394.72943115234375,401.9823248815129,393.48829726408144,401.82717944660936,78694900,20.709999084472656
2023-02-10,395.65057373046875,396.03842249852727,392.7125756657534,393.5367432012661,70769700,20.530000686645508
2023-02-13,400.2951354980469,400.4308988497679,395.84450626622424,396.30994256945445,64913500,20.34000015258789
2023-02-14,400.11090087890625,402.4476992787752,396.1062965854902,398.75338583024995,88389300,18.90999984741211
2023-02-15,401.4102478027344,401.4878057256822,397.0371764235173,397.8904615307759,61555700,18.229999542236328
2023-02-16,395.88330078125,400.37272377802026,395.7475670202348,396.37782500494444,76431500,20.170000076293945
2023-02-17,394.894287109375,395.1366963059818,391.7817317194485,393.730711129276,89257800,20.020000457763672
2023-02-21,386.97235107421875,391.8884168043037,386.7105597881842,390.82181039477337,82655900,22.8700008392334
2023-02-22,386.4390563964844,388.9504121435248,384.9651895305076,387.38928151695194,83742300,22.290000915527344
2023-02-23,388.49468994140625,389.98793892233294,384.21858803532103,389.3673571569208,96242400,21.139999389648438
2023-02-24,384.34466552734375,385.1882448658745,381.68786998466646,383.41382242182385,108194400,21.670000076293945
2023-02-27,385.6536560058594,389.1055606545403,384.70340128692055,387.7286633753405,80444700,20.950000762939453
2023-02-28,384.228271484375,387.156563842999,384.12159605361234,385.16882032398394,96438600,20.700000762939453
2023-03-01,382.75445556640625,384.64525933373403,381.43576360285186,383.40412530116606,99706800,20.579999923706055
2023-03-02,385.7312316894531,386.5845168492611,380.4176111158105,380.7569899304116,85127800,19.59000015258789
2023-03-03,391.91748046875,392.1695954929354,386.9141512863153,387.5734971746838,90120000,18.489999771118164
2023-03-06,392.18902587890625,395.07855440341785,391.7430012043068,392.751402243317,72795900,18.610000610351562
2023-03-07,386.17724609375,392.3829454216764,385.55669391553783,392.14053621639704,108310600,19.59000015258789
2023-03-08,386.8075256347656,387.5735174019799,384.5482553177289,386.2936193139277,74746600,19.110000610351562
2023-03-09,379.6709899902344,389.2898002423228,378.67226525159236,387.60261205758303,111945300,22.610000610351562
2023-03-10,374.1925354003906,381.22240209446096,372.65081646253805,379.1182772501416,189253000,24.799999237060547
2023-03-13,373.6592102050781,378.53651154881794,369.0922293194743,370.21701151974185,157790000,26.520000457763672
2023-03-14,379.8357849121094,381.503561174823,375.29786278921495,378.6431211504892,149752400,23.729999542236328
2023-03-15,377.4602355957031,377.66385105078797,372.0593511848362,374.17318202831615,172996900,26.139999389648438
2023-03-16,384.08282470703125,384.4319093478442,374.56101366986553,375.07491999833877,143254200,22.989999771118164
2023-03-17,379.59185791015625,383.88427957586276,378.19024962323573,382.73574852805046,140553400,25.510000228881836
2023-03-20,383.2418212890625,383.66037890552786,379.66969001087864,380.3802072336344,93055800,24.149999618530273
2023-03-21,388.2740173339844,388.7606860233749,385.03278722846005,386.64853084170437,91524200,21.3799991607666
2023-03-22,381.6553039550781,391.75855066289427,381.61639184687533,388.0988223305706,111746600,22.260000228881836
2023-03-23,382.68707275390625,388.64389279785183,379.9422541991001,384.5558638990384,119351300,22.610000610351562
2023-03-24,385.1982727050781,385.28586950584946,379.01757432796904,381.39251993965786,107682400,21.739999771118164
2023-03-27,385.9185485839844,388.2837811167207,385.0133519019217,387.50509334943473,74010400,20.600000381469727
2023-03-28,385.0522766113281,385.9185314405702,383.1931986358876,385.2177273330947,62871700,19.969999313354492
2023-03-29,390.64898681640625,390.89232117598993,388.0501627863361,389.2668345842544,77497900,19.1200008392334
2023-03-30,392.93634033203125,393.5690037335665,391.0480633032695,393.31592649139174,69840000,19.020000457763672
2023-03-31,398.474609375,398.7763415903642,393.7636302558497,393.8707128150531,112062600,18.700000762939453
2023-04-03,399.9930114746094,400.4017965433798,397.54992512551536,397.9489970190578,67391100,18.549999237060547
2023-04-04,397.7737731933594,400.937119463949,396.38187825933784,400.64510044740217,66601500,19.0
2023-04-05,396.73236083984375,397.8030380033646,395.05821919431185,397.0340930808493,65200200,19.079999923706055
2023-04-06,398.2799072265625,398.5621833713296,394.8634836691037,395.92441780176136,63743300,18.399999618530273
2023-04-10,398.688720703125,398.7666043298066,395.14578799051924,395.76870848447066,63681000,18.969999313354492
2023-04-11,398.7958068847656,400.21687119365475,398.01714883428133,399.32141740598786,59297900,19.100000381469727
2023-04-12,397.1703186035156,401.1804936873702,396.5765970407877,400.8884746417839,86420400,19.09000015258789
2023-04-13,402.4458312988281,402.8059613979246,397.1119314502093,398.2702053766501,85814800,17.799999237060547
2023-04-14,401.4627380371094,404.0226201667192,399.12673420421424,401.80341206988373,78161500,17.06999969482422
2023-04-17,402.90325927734375,402.9227153306622,400.12924192870804,401.3751125307471,66436400,16.950000762939453
2023-04-18,403.16607666015625,404.6358256413118,401.77421130528586,404.49954414726284,63560000,16.829999923706055
2023-04-19,403.0979309082031,404.01284065902394,401.1707123262414,401.22911018897685,55227300,16.459999084472656
2023-04-20,400.8982238769531,402.6697051216665,399.3311351746603,400.24607473164843,75840400,17.170000076293945
2023-04-21,401.2096862792969,401.676869218609,399.23381255472265,401.1999434000945,73457400,16.770000457763672
2023-04-24,401.6282043457031,402.05647516546554,399.6523306697582,401.0052541700854,64332100,16.889999389648438
2023-04-25,395.25286865234375,400.1974396579536,395.1944707801746,399.63288728844816,97766700,18.760000228881836
2023-04-26,393.5787353515625,396.96596052869705,393.0142126739916,395.87582728655804,80447000,18.84000015258789
2023-04-27,401.4140930175781,401.686626309786,395.89525672049297,396.14833395750776,92968400,17.030000686645508
2023-04-28,404.8402404785156,404.84998335831295,400.4602219315641,400.51861980254466,89335600,15.779999732971191
2023-05-01,404.431396484375,406.48512395721093,404.1977753305732,404.3924546747584,62122300,16.079999923706055
2023-05-02,399.88592529296875,403.75981875546177,396.9464571012848,403.7111340641636,103998500,17.780000686645508
2023-05-03,397.1411437988281,402.83517393886245,396.89780943133866,400.3920873840193,91531800,18.34000015258789
2023-05-04,394.32818603515625,396.41111262734955,392.97523278984136,396.08018147546466,94901900,20.09000015258789
2023-05-05,401.6282043457031,402.68913851614656,397.7445977387526,398.007388135648,87844000,17.190000534057617
2023-05-08,401.73529052734375,402.2219592534578,400.3142261641833,401.9591688347608,50046800,16.979999542236328
2023-05-09,399.9735412597656,401.102616238175,399.73994978281917,400.1682206264883,49220100,17.709999084472656
2023-05-10,401.8423767089844,403.4873193943634,397.96848292085406,402.8449131056442,96142900,16.940000534057617
2023-05-11,401.1416015625,401.43359094035395,399.039188930239,400.96640793578763,70157100,16.93000030517578
2023-05-12,400.615966796875,402.61132643811567,398.16316705924265,402.3971910059802,70439400,17.030000686645508
2023-05-15,401.9980773925781,402.4068624545101,399.2922006873979,401.22913255184045,54289400,17.1200008392334
2023-05-16,399.3116455078125,401.8131296116539,399.3019026291218,400.87870437429854,57705500,17.989999771118164
2023-05-17,404.1589050292969,404.77208264872,399.6912898643818,401.355688524903,87287000,16.8700008392334
2023-05-18,408.05224609375,408.48051692312157,403.6138299565358,403.83767854650284,97177200,16.049999237060547
2023-05-19,407.4585266113281,409.50254123746595,406.22239871882635,408.9672175109571,103679700,16.809999465942383
2023-05-22,407.62396240234375,409.1813081232912,406.222354223881,407.47796773873284,60745400,17.209999084472656
2023-05-23,403.0492858886719,407.55584286464847,402.65021398477086,405.95955524904446,86383500,18.530000686645508
2023-05-24,400.1293029785156,401.81318752027346,398.95157293924603,401.4238584672152,89213700,20.030000686645508
2023-05-25,403.5943298339844,405.0640787508319,401.41406365579905,403.6819266317973,90961600,19.139999389648438
2023-05-26,408.8211975097656,409.5512006195042,404.1783884252335,404.25624235388847,93830000,17.950000762939453
2023-05-30,408.9768981933594,411.3129019931037,407.5752899727328,410.77757830912685,72216000,17.459999084472656
2023-05-31,406.70904541015625,408.0425129180875,405.1225006686962,407.1275733702995,110811800,17.940000534057617
2023-06-01,410.57318115234375,411.6438582121454,405.6772953144276,406.9426220280753,88865000,15.649999618530273
2023-06-02,416.51055908203125,417.30867318618937,412.6464083620261,413.18173205792607,91366700,14.600000381469727
2023-06-05,415.71240234375,418.1652018562358,415.00185536054477,416.8609333270958,65460200,14.729999542236328
2023-06-06,416.6175842285156,417.1529078888088,414.63196771982524,415.2938596919878,64022200,13.960000038146973
2023-06-07,415.17706298828125,418.1652159848775,414.7487921488518,417.01668496272606,85373300,13.9399995803833
2023-06-08,417.6883544921875,418.1458243364097,414.4666095247161,415.2452676960323,61952800,13.649999618530273
2023-06-09,418.4377136230469,420.47198508506995,417.43517735795615,418.49611148673,85742800,13.829999923706055
2023-06-12,422.2337646484375,422.3116482769107,418.7005747338686,419.43057780532433,76104300,15.010000228881836
2023-06-13,425.01751708984375,425.6696365204742,423.04164333535215,423.71324852468234,95899700,14.609999656677246
2023-06-14,425.523681640625,427.3535608954838,422.02940357582685,425.35823089960877,100612100,13.880000114440918
2023-06-15,430.79913330078125,432.0644600219507,424.5989789000315,424.6962888755832,110303100,14.5
2023-06-16,429.33172607421875,433.3860747690242,428.85302867929283,432.8096761182953,114121300,13.539999961853027
2023-06-20,427.1042785644531,428.266854946588,425.00383570919894,427.36807493900125,76160400,13.880000114440918
2023-06-21,424.9159240722656,426.9186657205313,424.3199672614879,426.1078078795827,76982300,13.199999809265137
2023-06-22,426.4497375488281,426.5571880614366,423.6068009145938,423.94874040657675,70637200,12.90999984741211
2023-06-23,423.22576904296875,425.0331379202763,422.50283341774065,422.9522234160524,92074500,13.4399995803833
2023-06-26,421.4965515136719,424.5934754368762,421.2523132944939,422.6493487527752,72823600,14.25
2023-06-27,426.1175842285156,426.74281861737984,421.9264476964196,422.3856167786235,72813700,13.739999771118164
2023-06-28,426.3325500488281,427.35833881179315,424.3981723027974,425.02340674295726,75636000,13.430000305175781
2023-06-29,428.0128479003906,428.1789430222069,425.50210144669927,425.912404994794,67882300,13.539999961853027
2023-06-30,433.0636901855469,434.0601714331237,430.94368922598466,431.2661003863023,104921500,13.59000015258789
2023-07-03,433.56195068359375,433.84524556804314,432.42868170308367,432.71200640177057,32793400,13.569999694824219
2023-07-05,432.9171447753906,433.65963852239565,431.7154819713015,431.7252610408894,58418400,14.180000305175781
2023-07-06,429.5271301269531,429.9569918026386,426.9870465381491,429.29267096357466,80658300,15.4399995803833
2023-07-07,428.4427490234375,432.4385132425987,428.1985107604406,428.5209219635715,86076100,14.829999923706055
2023-07-10,429.5271301269531,429.70297449948697,427.5048304001015,428.08122905289855,62443500,15.069999694824219
2023-07-11,432.2626037597656,432.76085931617644,429.3122165166555,430.2989485591981,64463800,14.84000015258789
2023-07-12,435.74053955078125,437.16691230938363,434.6561360982524,436.10203718252853,91924500,13.539999961853027
2023-07-13,439.198974609375,440.0000831998298,437.137618154442,437.5772291022,72425200,13.609999656677246
2023-07-14,438.9254455566406,440.95749469184375,438.15364433353807,440.0978010901068,69761800,13.34000015258789
2023-07-17,440.4494934082031,441.51436861612706,438.7300465624046,438.77891210166564,52680200,13.479999542236328
2023-07-18,443.7222900390625,444.3768318598502,439.67769026644436,440.1173310466819,80744400,13.300000190734863
2023-07-19,444.7090148925781,445.91064799435,443.6441098923527,444.52339143853806,65891700,13.760000228881836
2023-07-20,441.7585754394531,444.6112911566319,441.0356398008323,443.70273207335373,70591600,13.989999771118164
2023-07-21,441.7585754394531,443.70273207335373,441.7488261836865,443.49755048868747,71245400,13.600000381469727
2023-07-24,443.7320556640625,444.5526925899651,441.87582114974117,442.92116799428237,54023400,13.90999984741211
2023-07-25,444.94342041015625,446.21344722377455,443.40959723880064,443.4584627711618,55191200,13.859999656677246
2023-07-26,445.0118713378906,446.45774269927045,442.9309566740242,443.99583186815164,71052900,13.1899995803833
2023-07-27,442.0614013671875,448.85123584323395,441.1430632702024,448.4409025132942,92194400,14.40999984741211
2023-07-28,446.38934326171875,447.22950846573076,442.0614191485181,445.3733038725234,80011800,13.329999923706055
2023-07-31,447.2393493652344,447.600817226897,445.53943076836714,446.8681024324215,62040400,13.630000114440918
2023-08-01,445.9595031738281,446.7117462287747,444.9922994583383,445.75432158355653,55291500,13.930000305175781
2023-08-02,439.7558288574219,443.0676837995684,438.99380676163474,442.8039172405704,93933400,16.09000015258789
2023-08-03,438.4955749511719,440.4006452008389,437.05945286822384,437.7140244875459,64276100,15.920000076293945
2023-08-04,436.5123596191406,442.46199970340473,435.9847966607325,440.33224935749195,100052300,17.100000381469727
2023-08-07,440.32244873046875,440.4787647776866,437.66513555624056,438.36854286160207,58357500,15.770000457763672
2023-08-08,438.40765380859375,440.31272406281704,435.00784667378764,437.75308218770624,71361300,15.989999771118164
2023-08-09,435.4767761230469,438.847275715875,434.7049749469342,438.6811805966212,78789600,15.960000038146973
2023-08-10,435.6330871582031,441.2896530041849,434.45098245393154,437.8605386591447,93005500,15.850000381469727
2023-08-11,435.3790588378906,436.4048772830147,433.1320790682152,433.73778510277623,68664600,14.84000015258789
2023-08-14,437.7823791503906,437.7823791503906,434.1383636694306,434.4509957738728,47867400,14.819999694824219
2023-08-15,432.6827392578125,436.3463130990624,432.10631073692446,435.9848154360973,75707500,16.459999084472656
2023-08-16,429.5076599121094,433.9430053620364,429.4001795715276,432.26264489725725,80107200,16.780000686645508
2023-08-17,426.2348327636719,431.2563556808056,425.7072697956283,430.9925891039035,95711300,17.889999389648438
2023-08-18,426.4399719238281,427.48531875841724,423.03041559493624,423.3821043537296,98758400,17.299999237060547
2023-08-21,429.2145080566406,429.966751099539,425.2871679071468,427.4657539176368,68719000,17.1299991607666
2023-08-22,428.0519714355469,431.01213797438686,427.48535178674433,431.01213797438686,65062900,16.969999313354492
2023-08-23,432.8194580078125,433.444722197635,428.9800401250662,429.12657710260663,68441000,15.979999542236328
2023-08-24,426.8210144042969,434.9590198508384,426.79167719235727,434.44123594864834,88517300,17.200000762939453
2023-08-25,429.8299560546875,431.12929025548334,424.9744990908956,428.56967850250095,102325100,15.680000305175781
2023-08-28,432.55572509765625,433.18095952187946,429.83001784641607,432.04769045034504,61595400,15.079999923706055
2023-08-29,438.80816650390625,439.091491191835,432.26257017264237,432.4481936080885,83081900,14.449999809265137
2023-08-30,440.6155700683594,441.26036260850424,438.43695420457783,439.1501406082771,69053900,13.880000114440918
2023-08-31,439.97076416015625,442.39358837943115,439.7851407157134,441.2407910612769,66084600,13.569999694824219
2023-09-01,440.7914123535156,443.2142664491309,439.31620383015326,442.725789964758,58875700,13.09000015258789
2023-09-05,438.8863220214844,440.6643834985176,438.8179579756271,440.34200215187354,55166200,14.010000228881836
2023-09-06,435.9359436035156,438.1731741919241,433.5814834321753,438.06569386474473,70758500,14.449999809265137
2023-09-07,434.5975646972656,435.2814139349752,432.5459573556555,432.89764613832205,70355400,14.399999618530273
2023-09-08,435.25201416015625,436.8053655824039,434.28484039885194,434.64630817573396,61659700,13.84000015258789
2023-09-11,438.1145935058594,438.4271958132665,436.18021579418746,437.90941190551837,60180100,13.800000190734863
2023-09-12,435.71124267578125,438.1927115512002,435.12509474903834,436.6491389870466,67565400,14.229999542236328
2023-09-13,436.21923828125,437.391563844118,434.8221730095013,435.9359135991734,60199300,13.479999542236328
2023-09-14,439.98052978515625,440.6839371233629,437.40138942122456,438.72028190714184,83430800,12.819999694824219
2023-09-15,434.67950439453125,438.7089598848143,434.2383427915536,438.37562781165224,111761400,13.789999961853027
2023-09-18,434.9344177246094,436.24814880807725,433.8853836029361,434.36576954377193,55752200,14.0
2023-09-19,434.032470703125,434.60111892750206,431.31677600765863,434.00305992734036,66514600,14.109999656677246
2023-09-20,430.0422668457031,435.7285695423798,429.8363614969153,435.30700511860454,82562600,15.140000343322754
2023-09-21,422.934326171875,427.4245402914484,422.777458746294,427.1598433404442,103976100,17.540000915527344
2023-09-22,421.9833679199219,425.5912292061107,421.56177359401596,423.97357677415033,100829700,17.200000762939453
2023-09-25,423.75787353515625,423.797067953463,420.3166634466325,420.7578549675111,70874500,16.899999618530273
2023-09-26,417.5323486328125,421.39512325035304,416.68918989892785,420.6794211789839,96168400,18.940000534057617
2023-09-27,417.6990051269531,419.2872767272579,414.0127250278903,418.7186285208834,104705800,18.219999313354492
2023-09-28,420.1205749511719,421.8166760173577,416.5421245318838,417.1401834888594,92258300,17.34000015258789
2023-09-29,419.10101318359375,423.38535241385364,417.5617794337687,423.2088877585555,115078500,17.520000457763672
2023-10-02,418.934326171875,420.1990493555368,416.1401828253966,418.2578484168517,83798600,17.610000610351562
2023-10-03,413.3263854980469,418.9930901741113,411.9440194024064,416.72837101640704,103760600,19.780000686645508
2023-10-04,416.3362731933594,417.0911697072469,412.3166310172953,413.7970431891139,87453000,18.579999923706055
2023-10-05,416.17938232421875,417.0323246811002,412.91466676522356,416.0421121006544,70142700,18.489999771118164
2023-10-06,421.1205749511719,422.679405697232,412.35580591151177,413.6989476909811,113202700,17.450000762939453
2023-10-09,423.8166809082031,424.39511271261716,418.64017552152256,419.19898019803634,80374400,17.700000762939453
2023-10-10,426.0226135253906,428.6500758108276,424.05200185161056,424.45396905428936,78607300,17.030000686645508
2023-10-11,427.7677307128906,428.02261412667553,424.6892632623498,427.1010665239066,62451700,16.09000015258789
2023-10-12,425.1598205566406,428.7676815824962,422.77745824223615,428.38534154261254,81154200,16.690000534057617
2023-10-13,423.0421447753906,427.8951315209917,421.45390327156525,426.67941648397607,95143100,19.31999969482422
2023-10-16,427.4931945800781,428.5716394797072,425.07160781793976,425.316707571519,75433200,17.209999084472656
2023-10-17,427.47357177734375,429.5520428410279,423.97356999956037,424.3264992869723,75324700,17.8799991607666
2023-10-18,421.7774658203125,426.6500502828491,420.6794236742881,425.67946480009624,93559800,19.219999313354492
2023-10-19,418.0715637207031,424.3363280716047,417.3853023307637,422.50298661762525,121323000,21.399999618530273
2023-10-20,412.93426513671875,418.1794058713674,412.826405686557,417.630384814372,123845800,21.709999084472656
2023-10-23,412.21856689453125,416.1303793610577,409.61070188998167,411.3852217369332,92035100,20.3700008392334
2023-10-24,415.3264465332031,416.49312377432966,412.49307897063755,414.36564471127423,78564200,18.969999313354492
2023-10-25,409.3656005859375,413.64996945398013,408.84599029988897,413.6205586800304,94223200,20.190000534057617
2023-10-26,404.463623046875,409.14992938947574,403.53226188504357,408.2872033429786,115156800,20.68000030517578
2023-10-27,402.6302795410156,406.4734570280164,401.1890917233159,406.0714898223282,107367700,21.270000457763672
2023-10-30,407.4440002441406,408.51263152033846,404.1400605356551,405.45379155188186,86562700,19.75
2023-10-31,410.00286865234375,410.32638715377004,406.09105634595556,408.02244354863467,79665200,18.139999389648438
2023-11-01,414.37548828125,415.1990199370774,410.4440783057468,410.9833157638023,98068100,16.8700008392334
2023-11-02,422.31671142578125,422.4735788667373,418.1990233790504,418.218620589393,94938900,15.65999984741211
2023-11-03,426.169677734375,427.73832224351617,424.52261446350917,424.65007113079145,100110800,14.90999984741211
2023-11-06,427.1500549316406,427.6010301071179,425.17944331101864,426.93436594868996,67831700,14.890000343322754
2023-11-07,428.36572265625,429.0127895786735,425.9931738600998,427.1500374853103,64256100,14.8100004196167
2023-11-08,428.6794738769531,429.50300546800065,426.3461194092833,428.97358161682587,61746000,14.449999809265137
2023-11-09,425.3363342285156,429.8755867661766,424.90495623879804,429.83636242545526,83174400,15.289999961853027
2023-11-10,431.9736022949219,432.28733716521367,425.3264980675604,427.4343799178175,89462200,14.170000076293945
2023-11-13,431.56182861328125,432.6794678903552,429.8265331928285,430.6206539716291,52236100,14.760000228881836
2023-11-14,439.9344482421875,441.23836573046316,437.34618055499016,437.5716830930029,97176900,14.15999984741211
2023-11-15,440.86578369140625,442.5324738402788,440.0030278458441,441.2873480506784,77327600,14.180000305175781
2023-11-16,441.4050598144531,441.7285783252467,439.33640233227624,440.41484723392745,66665800,14.319999694824219
2023-11-17,441.9540710449219,442.57172719847307,440.48347255338206,441.4148336463822,83133200,13.800000190734863
2023-11-20,445.3560485839844,446.2089909063294,441.6893360671345,441.69914963110705,69936200,13.40999984741211
2023-11-21,444.3854675292969,445.22862627210776,443.10114716472856,444.29723520494537,49244600,13.350000381469727
2023-11-22,446.1011657714844,447.4345240400002,444.99333997526907,446.0619713513844,59394900,12.850000381469727
2023-11-24,446.37567138671875,446.57176316267487,445.8168666721121,446.15019875571403,29737400,12.460000038146973
2023-11-27,445.5717468261719,446.56192946772256,445.17956329193873,445.7383979007583,50506000,12.6899995803833
2023-11-28,446.0129089355469,447.32664000240914,444.61094554920174,445.1795638034484,62115000,12.6899995803833
2023-11-29,445.6991882324219,449.33649017214634,445.2972509595893,448.189410143627,63146000,12.979999542236328
2023-11-30,447.4541015625,447.80706076370257,444.4540829895932,446.5521512294108,79752700,12.920000076293945
2023-12-01,450.1011962890625,450.64040378256834,446.23842175479484,446.8364507959776,89097900,12.630000114440918
2023-12-04,447.7384338378906,450.12079629179925,445.43449014156994,446.6698024892576,72430900,13.079999923706055
2023-12-05,447.65020751953125,448.6207929946436,445.954106409832,446.33647639663644,69793500,12.850000381469727
2023-12-06,445.84625244140625,449.8462671396938,445.4050609299513,449.8168563668903,69124700,12.970000267028809
2023-12-07,449.24822998046875,449.9050805343139,447.3462535885612,447.954096161756,66995400,13.0600004196167
2023-12-08,451.17962646484375,451.71883394074496,448.2482131441039,448.4933128912231,83080900,12.350000381469727
2023-12-11,452.93450927734375,453.1110038301833,450.4639146510127,450.67960362057033,65002200,12.630000114440918
2023-12-12,455.003173828125,455.10121971026973,451.5717773888773,452.5815871442226,68327600,12.069999694824219
2023-12-13,461.2777404785156,461.5326537987916,455.02278992254185,455.3855327740707,93278000,12.1899995803833
2023-12-14,462.7581481933594,464.4444356942921,460.0522373403874,463.23853413603206,119026000,12.479999542236328
2023-12-15,461.9962158203125,463.3448333750126,460.12591131096633,462.15371925824917,141319300,12.279999732971191
2023-12-18,464.5950012207031,465.58922858066205,462.547516504341,463.6204805669363,70375300,12.5600004196167
2023-12-19,467.4201354980469,467.49890223898143,465.0674973148692,465.146234015094,55761800,12.529999732971191
2023-12-20,460.94293212890625,468.46353310540064,460.5098052095539,466.553845335722,102921000,13.670000076293945
2023-12-21,465.3135986328125,465.5892221492984,461.5138993976389,463.9649810278423,86667500,13.649999618530273
2023-12-22,466.24871826171875,467.9516960202922,464.3292070719011,466.4554283810848,67126600,13.029999732971191
2023-12-26,468.2174377441406,469.13289825788524,466.58337347147733,466.66214020597357,55387000,12.989999771118164
2023-12-27,469.0640563964844,469.21170648583774,467.469375350048,468.0107690245804,68000300,12.430000305175781
2023-12-28,469.2412109375,470.08775809747596,468.81793735751205,469.42824438739393,77158100,12.470000267028809
2023-12-29,467.8828125,469.5759370140637,465.9042111090685,469.04436663248146,122234100,12.449999809265137
2024-01-02,465.26434326171875,466.26842392066214,463.1380919165969,464.78200963737714,123623700,13.199999809265137
2024-01-03,461.4646911621094,463.82718272985784,460.8543840948513,463.0790488844653,103585900,14.039999961853027
2024-01-04,459.978271484375,463.60076051558326,459.7518546546583,460.9823221278168,84232200,14.130000114440918
2024-01-05,460.6082458496094,463.08885724864916,459.1415083193869,460.1849422441129,86060800,13.350000381469727
2024-01-08,467.1838684082031,467.3315184880514,460.9822946882023,461.1102681043068,74879100,13.079999923706055
2024-01-09,466.47509765625,467.50867821085495,463.9846329489776,464.49649655038183,65931400,12.760000228881836
2024-01-10,469.11328125,469.9893885486151,466.46531272909317,466.7507896067073,67310600,12.6899995803833
2024-01-11,468.9065246582031,470.6488556888523,464.88043891433455,470.12713871081326,77940700,12.4399995803833
2024-01-12,469.23138427734375,471.1213955477342,467.8040600225545,470.3732617056011,57944000,12.699999809265137
2024-01-16,467.5086975097656,469.1624384816832,465.66792309023396,467.8335577253936,85014900,13.84000015258789
2024-01-17,464.9100036621094,465.40219066082915,462.5278053703932,464.4473466816844,68843900,14.789999961853027
2024-01-18,469.0443115234375,469.60541185803214,465.03793256834524,466.60308346955065,91856200,14.130000114440918
2024-01-19,474.8914794921875,475.1769563262447,469.09353301175565,470.1861735892921,110733300,13.300000190734863
2024-01-22,475.8955993652344,477.6379304465511,475.23605559912966,476.4468463753925,75844900,13.1899995803833
2024-01-23,477.2835388183594,477.52963230577734,475.3443509765863,476.44684499370544,49945300,12.550000190734863
2024-01-24,477.8052673339844,481.1324259207397,477.3032270260809,480.1874353770752,81765000,13.140000343322754
2024-01-25,480.4040222167969,480.67964572380765,477.80529058508233,479.96104191877174,72525000,13.449999809265137
2024-01-26,479.7937316894531,481.4770028066331,478.93733112177756,479.9709117984805,76641600,13.260000228881836
2024-01-29,483.5933837890625,483.74106391540835,479.5574745916845,480.1087216052008,61322800,13.600000381469727
2024-01-30,483.2193298339844,483.9379035722461,482.45148933440373,482.89446961636054,58618400,13.3100004196167
2024-01-31,475.33453369140625,481.4376346180364,475.3148269848638,480.98483097822805,126011100,14.350000381469727
2024-02-01,481.5557556152344,481.5852856325511,476.24011217253945,477.0571593861526,91891600,13.880000114440918
2024-02-02,486.6252746582031,488.29869237101855,481.65416812020857,481.9987050154295,99147700,13.850000381469727
2024-02-05,484.8533630371094,486.65478413631985,482.56963837008004,485.9854170794442,75757100,13.670000076293945
2024-02-06,486.2610778808594,486.5957614349735,484.36121323559956,485.80824421290174,55918600,13.0600004196167
2024-02-07,490.316650390625,490.7399239619924,487.61944545058077,488.53493601746663,70556500,12.829999923706055
2024-02-08,490.533203125,490.91709332018917,489.4897692068765,490.31663966799096,52343600,12.789999961853027
2024-02-09,493.3682556152344,493.8112058861385,490.70058047404524,491.0451173785553,63979400,12.930000305175781
2024-02-12,493.15167236328125,495.63228390301646,492.4232152124845,493.33870581706736,56502300,13.930000305175781
2024-02-13,486.3594970703125,489.3224724499517,483.0520148201474,486.8024773905753,113099200,15.850000381469727
2024-02-14,490.779296875,491.271483819326,486.67444454141,489.02711255482774,68387800,14.380000114440918
2024-02-15,494.16558837890625,494.3526218372526,491.00572629255566,491.4880899675745,61683000,14.010000228881836
2024-02-16,491.70465087890625,495.01213299527757,490.9565170494229,493.86043227431986,75461200,14.239999771118164
2024-02-20,488.99761962890625,490.62183066023255,486.7237181769076,489.94261022228915,71736700,15.420000076293945
2024-02-21,489.4405517578125,489.59805519099353,485.8475929329507,487.6785440580605,59603800,15.34000015258789
2024-02-22,499.5697937011719,500.5443143261037,495.15978746625774,496.13433813189937,76402500,14.539999961853027
2024-02-23,499.9142761230469,502.15864734607544,499.1759957201992,501.31207019630943,61321800,13.75
2024-02-26,498.0833740234375,500.8002557857889,497.9554006011949,500.3572754842892,50386700,13.739999771118164
2024-02-27,499.0086669921875,499.23508380977466,496.86273904372996,498.78228021530845,48854500,13.430000305175781
2024-02-28,498.34918212890625,498.9397824859988,497.06947792688254,497.43369149399297,56506600,13.84000015258789
2024-02-29,500.1407165527344,501.77478095792515,497.4533948240691,500.1308932406561,83924800,13.399999618530273
2024-03-01,504.836181640625,505.26930860368725,500.6132388118338,501.0266891095606,76805900,13.109999656677246
2024-03-04,504.2947692871094,506.1651038495938,503.99946911445886,504.02902917243324,49799300,13.489999771118164
2024-03-05,499.2547607421875,502.71977618889395,497.02024274409166,502.26694255347593,72855600,14.460000038146973
2024-03-06,501.78460693359375,504.06836164328706,500.4754028347389,502.57209405521513,68382400,14.5
2024-03-07,506.7655334472656,507.8286740996663,501.8436638657645,505.12164582984065,58652100,14.4399995803833
2024-03-08,503.72381591796875,510.12221626039303,503.1430389188463,507.4053947507134,86425500,14.739999771118164
2024-03-11,503.2906799316406,503.88131027220254,500.55412172638717,502.5031928380294,62557200,15.220000267028809
2024-03-12,508.70477294921875,509.2953732567319,502.87723620181947,505.4267910389835,73114400,13.84000015258789
2024-03-13,507.90740966796875,509.2067905212248,506.4505554149632,509.0296104159743,55104100,13.75
2024-03-14,506.9033508300781,509.0492787181122,503.8222557225898,508.891745248828,110171800,14.399999618530273
2024-03-15,503.42266845703125,505.26919243547775,501.7341674193777,503.79789760629797,107585800,14.40999984741211
2024-03-18,506.4145812988281,509.00164944251645,505.9998765535288,507.54026873273324,88893300,14.329999923706055
2024-03-19,509.2288513183594,509.51518505530515,504.69650949147376,505.7135939252134,60755300,13.819999694824219
2024-03-20,513.9387817382812,514.0770367347149,508.60668308986254,509.28801383732645,69594600,13.039999961853027
2024-03-21,515.6372680664062,517.5232376399493,515.3508740673177,516.8123151624139,60256100,12.920000076293945
2024-03-22,514.6596069335938,516.0419759824129,514.4225725581739,515.5482598361023,79023000,13.0600004196167
2024-03-25,513.23779296875,514.4029560483432,513.0797700238013,513.2673846033686,48512100,13.1899995803833
2024-03-26,512.289794921875,515.0250019230342,511.8849741606643,514.679364426303,65463700,13.239999771118164
2024-03-27,516.5950317382812,516.6345676089135,512.9612874577568,515.1534188944993,82999800,12.779999732971191
2024-03-28,516.4962768554688,518.0169010671898,516.2099431536778,516.6345318569229,96294900,13.010000228881836
2024-04-01,515.5977172851562,517.7898487303629,514.4226702231268,517.2467729199333,62477500,13.649999618530273
2024-04-02,512.3195190429688,512.4577137930522,509.98913247450986,511.7270233656594,74230300,14.609999656677246
2024-04-03,512.8822021484375,514.4028865145611,511.1640795299588,511.21343909304755,59155800,14.329999923706055
2024-04-04,506.6219482421875,517.2862060989289,506.3158466091879,516.9406288664777,96858100,16.350000381469727
2024-04-05,511.91455078125,513.8992994662655,507.5501166283663,507.9944732436529,74482100,16.030000686645508
2024-04-08,512.200927734375,513.6426007971904,511.3814021999841,512.6255767206463,48401800,15.1899995803833
2024-04-09,512.7933959960938,514.2054170815929,507.8858256784909,513.9585589840982,68124400,14.979999542236328
2024-04-10,507.65875244140625,509.67309288761504,505.65429596232127,507.02678122640623,82652800,15.800000190734863
2024-04-11,511.4900817871094,512.951462734994,505.64449772746826,509.19923094538865,70099000,14.90999984741211
2024-04-12,504.42987060546875,509.33741106297106,502.68209589185415,507.9056219639592,92469100,17.309999465942383
2024-04-15,498.1103210449219,508.82393922642535,497.25122948428464,508.6560925817605,92101400,19.229999542236328
2024-04-16,497.20184326171875,500.1345187428283,495.89842524032656,498.59412658447235,73484000,18.399999618530273
2024-04-17,494.2593078613281,499.8580631918657,492.8472866698088,499.6901864139846,75910300,18.209999084472656
2024-04-18,493.24224853515625,497.79432781744384,492.29432181692374,495.6713540683197,74548100,18.0
2024-04-19,488.9370422363281,494.17042202511874,487.6533620058756,493.16325180181735,102129100,18.709999084472656
2024-04-22,493.43975830078125,496.0663323040314,489.2036645395879,491.5734964560846,67961000,16.940000534057617
2024-04-23,499.29522705078125,499.72969975232706,493.25214509988666,495.47386817795365,64633600,15.6899995803833
2024-04-24,499.0581970214844,500.99355602637405,496.8068524264775,500.1937382185456,55928100,15.970000267028809
2024-04-25,497.1623229980469,497.93251905471595,491.23772867473235,492.90649181985617,69122400,15.369999885559082
2024-04-26,501.8724365234375,503.47207230236467,499.34461181258143,499.98643689086055,64306100,15.029999732971191
2024-04-29,503.6497802734375,504.33111105739584,500.87509756997366,503.679402040825,46415400,14.670000076293945
2024-04-30,495.67132568359375,503.1560499967319,495.67132568359375,502.16861759935483,77483600,15.649999618530273
2024-05-01,494.0618591308594,501.80332634186607,493.58788068094316,495.0789134040568,80242800,15.390000343322754
2024-05-02,498.6829833984375,499.5321909315141,493.27184300217647,497.81403806563185,62550200,14.680000305175781
2024-05-03,504.8643493652344,506.1084937698732,502.1686479094306,504.73597832437986,72756700,13.489999771118164
2024-05-06,510.0780029296875,510.11747853233464,506.84907943743724,507.2934361066242,47264700,13.489999771118164
2024-05-07,510.640869140625,512.0528904156023,509.95953828938855,511.05557392499986,52561300,13.229999542236328
2024-05-08,510.6901550292969,511.23323078468576,508.66593070388956,508.78441776804385,42047200,13.0
2024-05-09,513.6326904296875,513.6722262969421,510.2162129252239,510.87777575274464,43643700,12.6899995803833
2024-05-10,514.2943725585938,516.0717390144458,513.0600819270163,515.2521531600112,52233200,12.550000190734863
2024-05-13,514.3634033203125,516.101294049221,513.2081242461536,515.9926909456875,36716400,13.600000381469727
2024-05-14,516.7233276367188,517.2466957017197,514.0177726880753,514.5608484174307,57535900,13.420000076293945
2024-05-15,523.1220092773438,523.4182269683442,518.579783698985,519.2216389195659,59504900,12.449999809265137
2024-05-16,522.045654296875,524.8401049513539,521.8975153250047,523.2207013003554,50244800,12.420000076293945
2024-05-17,522.7960815429688,522.8652090411972,520.6928457686228,522.1641103603855,59187600,11.989999771118164
2024-05-20,523.3984375,524.8795861621629,522.5196081627743,522.9146052465884,37764200,12.149999618530273
2024-05-21,524.6820678710938,524.8400908059087,522.4208693618174,522.6282518632279,33437000,11.859999656677246
2024-05-22,523.1713256835938,524.7018338509016,520.9693104479597,523.9810274842546,48390000,12.289999961853027
2024-05-23,519.3499755859375,526.370605604358,518.1255087640279,526.2620025028626,57211200,12.770000457763672
2024-05-24,522.7862548828125,523.6058407166882,520.2584301434748,521.2162107208669,41258400,11.930000305175781
2024-05-28,523.1515502929688,523.8427650171528,520.4854707957389,523.6057908872817,36269600,12.920000076293945
2024-05-29,519.4882202148438,520.6830352503243,518.7674137672095,519.0735154350635,45190300,14.279999732971191
2024-05-30,516.0420532226562,518.5995297613006,514.7781710383293,517.9280829339874,46468500,14.470000267028809
2024-05-31,520.7422485351562,520.8706195756462,511.84547248017293,517.0097851977956,90785800,12.920000076293945
2024-06-03,521.1668090820312,522.657841650115,516.032148544318,522.3715079503993,46835700,13.109999656677246
2024-06-04,521.74951171875,522.4999701171362,518.3626252254871,519.8437740850069,34632700,13.15999984741211
2024-06-05,527.9505004882812,527.9702684234203,522.0851492209949,524.0995500261425,47610400,12.630000114440918
2024-06-06,527.9406127929688,528.6910711058155,525.985515807043,528.2565984124882,30808500,12.579999923706055
2024-06-07,527.2987670898438,530.1425771236412,525.8472101733005,526.9531296011007,43224500,12.220000267028809
2024-06-10,528.9280395507812,529.253909134287,525.8769070309806,526.4792263610262,35729300,12.739999771118164
2024-06-11,530.2017822265625,530.2610257534691,525.3633398795533,527.3579723988804,36383400,12.850000381469727
2024-06-12,534.5564575195312,537.2817809327009,533.5097814532659,534.8230835871974,63251300,12.039999961853027
2024-06-13,535.6326904296875,536.5016357193268,532.8086483724034,536.323905128458,44760900,11.9399995803833
2024-06-14,535.9586181640625,535.9882097983759,533.0653880279153,534.0824723877374,40089900,12.65999984741211
2024-06-17,540.2241821289062,541.636263340506,534.8031884959153,535.267313011943,55839500,12.75
2024-06-18,541.5967407226562,541.7251117450321,539.8588502056475,540.2834388688576,41376400,12.300000190734863
2024-06-20,540.12548828125,543.2062723509137,538.3283541959318,542.5348255939958,70328200,13.279999732971191
2024-06-21,539.4014282226562,540.5307472774641,537.9254170455512,539.2924747513658,64513900,13.199999809265137
2024-06-24,537.6480102539062,541.8185338516724,537.5291409294473,539.2231194967758,45528700,13.329999923706055
2024-06-25,539.7184448242188,540.0849686628054,537.3508531925171,538.886299065316,38273300,12.84000015258789
2024-06-26,540.3920288085938,541.1151605924962,537.935315544085,538.5890968132603,38550600,12.550000190734863
2024-06-27,541.2439575195312,541.8284487491936,539.5004601471773,540.2533395091051,35041500,12.239999771118164
2024-06-28,539.1140747070312,545.1172775612355,537.8560310180918,542.026493914631,76144500,12.4399995803833
2024-07-01,540.2236328125,540.758544752217,537.4300828689322,540.5108902585941,40297800,12.220000267028809
2024-07-02,543.8592529296875,543.8592529296875,538.5495544229893,538.5990732354992,40434800,12.029999732971191
2024-07-03,546.2862548828125,546.6527787264998,543.5026205641852,543.5422235199119,32789900,12.09000015258789
2024-07-05,549.4363403320312,549.8424670776978,545.9493458886657,546.5932717248053,41488400,12.479999542236328
2024-07-08,550.0704345703125,551.0313050825548,548.990634263357,550.2289068590482,36110500,12.369999885559082
2024-07-09,550.6052856445312,551.9525115685751,550.3081123469514,551.0411599684893,27289700,12.510000228881836
2024-07-10,556.0537109375,556.4004030574295,551.5464110657902,551.843584377519,38701200,12.850000381469727
2024-07-11,551.2590942382812,557.0542459098444,550.6152288053468,556.1725813645302,53054200,12.920000076293945
2024-07-12,554.7361450195312,558.3816118783382,551.9228238555439,552.3983011311424,53084400,12.460000038146973
2024-07-15,556.26171875,559.5406617004013,554.3795204861657,556.7570277181121,40584300,13.119999885559082
2024-07-16,559.5604858398438,559.8576591562987,556.8263704034057,557.589165634412,36475300,13.1899995803833
2024-07-17,551.71484375,555.2513576014627,551.3879228494364,553.5573788940302,57119000,14.479999542236328
2024-07-18,547.4749145507812,554.2705999484662,545.2658557697873,553.2700660994436,56270400,15.930000305175781
2024-07-19,543.8394165039062,548.8816891943164,542.7695320353313,547.2372293030306,65509100,16.520000457763672
2024-07-22,549.4463500976562,550.0605284790182,545.8504015789395,547.8118060573195,43346700,14.90999984741211
2024-07-23,548.5844116210938,551.5166019194357,548.0891026693448,549.3372304392366,34439600,14.720000267028809
2024-07-24,536.1521606445312,544.0176699808688,535.2209773062864,543.7105808194543,74515300,18.040000915527344
2024-07-25,533.3585815429688,542.3237223216066,532.4076270111065,536.2710007218393,61158300,18.459999084472656
2024-07-26,539.3320922851562,542.0562919162144,536.4097569520611,537.192383905728,53763800,16.389999389648438
2024-07-29,539.6490478515625,541.9175412062577,537.6281485235597,540.8972361512061,39515800,16.600000381469727
2024-07-30,536.9149780273438,542.2049049678778,533.4676465939222,541.1350205544782,46853600,17.690000534057617
2024-07-31,545.642333984375,548.3070989978249,542.4426569823155,543.8294859958498,65663400,16.360000610351562
2024-08-01,537.9154663085938,549.6641807633281,534.3690370943198,547.3857715555625,76428700,18.59000015258789
2024-08-02,527.900390625,531.9519846487756,523.6406845786929,530.7236279231074,82789100,23.389999389648438
2024-08-05,512.5259399414062,518.6677835651788,505.48263031997044,506.83980235904284,146267400,38.56999969482422
2024-08-06,517.251220703125,524.7798934319092,513.0113465770287,514.348656712232,84826300,27.709999084472656
2024-08-07,513.7938842773438,526.6026277008622,513.1896218330463,523.5118440416625,70698300,27.850000381469727
2024-08-08,525.6715087890625,526.3054584092854,516.9441659152586,518.9946921355962,63276600,23.790000915527344
2024-08-09,527.9894409179688,529.495199519807,523.6010107428957,524.8392831555863,45619600,20.3700008392334
2024-08-12,528.2669067382812,530.7037884446491,525.9686656073576,529.1980901235476,42542100,20.709999084472656
2024-08-13,536.95458984375,537.1923889659508,531.2486806240174,531.4963351382646,52333100,18.1200008392334
2024-08-14,538.6485595703125,539.847229165935,535.052611245972,537.7569791487715,42446900,16.190000534057617
2024-08-15,547.881103515625,548.168360968592,543.730411684699,544.3445900065761,60846800,15.229999542236328
2024-08-16,549.1094360351562,549.8127965494804,546.0880633659141,546.246535635152,44430700,14.800000190734863
2024-08-19,554.3597412109375,554.3597412109375,548.6636875389138,549.5255203879397,39121800,14.649999618530273
2024-08-20,553.458251953125,555.5781888434063,552.101110220216,553.9040421160377,33732300,15.880000114440918
2024-08-21,555.3602294921875,556.8362405615584,549.5254752640853,554.5182284209087,41514600,16.270000457763672
2024-08-22,551.0015258789062,557.8962490623195,549.7731692085193,557.2820707271261,56121500,17.549999237060547
2024-08-23,556.8560791015625,557.8070941103703,552.0614615681247,554.2804965886761,50639400,15.859999656677246
2024-08-26,555.5286254882812,558.6193486946379,553.8049599073349,557.896216929936,35788600,16.149999618530273
2024-08-27,556.2914428710938,556.7867518721707,553.0818502181188,554.240856351132,32693900,15.430000305175781
2024-08-28,553.06201171875,556.3806182627299,549.8325873973797,555.9447439286333,41066000,17.110000610351562
2024-08-29,553.1115112304688,558.3915218624276,551.9525051521193,555.0531441896234,38715200,15.649999618530273
2024-08-30,558.3914794921875,558.9066201379308,551.9128603217616,555.5088080641243,62700100,15.0
2024-09-03,546.9004516601562,555.548528231576,544.3545559151986,555.2116914777071,60600100,20.719999313354492
2024-09-04,545.781005859375,549.2283371934773,544.304994695349,545.0380423502995,47224900,21.31999969482422
2024-09-05,544.4535522460938,548.6042441438841,541.9670913565726,545.7215723262182,44264300,19.899999618530273
2024-09-06,535.290283203125,546.4248189179493,534.3789316488474,544.7804197789798,68493800,22.3799991607666
2024-09-09,541.2835083007812,542.5713599602232,537.588522826048,539.5400715589968,40445800,19.450000762939453
2024-09-10,543.6412963867188,543.9979648614943,538.2820789602596,543.2153378505611,36394600,19.079999923706055
2024-09-11,549.2183837890625,550.1495670752728,534.8940870094609,543.5520781692663,75248600,17.690000534057617
2024-09-12,553.8446655273438,554.151754700655,547.5542047078643,549.80292700237,51892700,17.06999969482422
2024-09-13,556.7372436523438,557.747693381765,554.2012639371025,554.4588342965648,39310500,16.559999465942383
2024-09-16,557.5594482421875,557.8268739812047,554.6470289741064,556.4697321910213,36656100,17.139999389648438
2024-09-17,557.7872924804688,561.2643713841238,555.5286543862046,559.7982156086712,49321000,17.610000610351562
2024-09-18,556.1329956054688,563.354579399442,555.5683360633434,558.4510079757443,59044900,18.229999542236328
2024-09-19,565.623046875,567.5052452619498,562.7502909495536,565.6527944370424,75315500,16.329999923706055
2024-09-20,564.6453247070312,565.6985982057745,561.584845604879,564.237952213736,77503100,16.149999618530273
2024-09-23,566.0562744140625,566.7121216588677,564.4962264504853,565.7284114396389,44116900,15.890000343322754
2024-09-24,567.6759033203125,567.7355202798775,563.9993624192057,566.8610977742745,46805700,15.390000343322754
2024-09-25,566.4239501953125,568.2622511765038,565.301113457304,567.5170087741786,38428600,15.40999984741211
2024-09-26,568.6696166992188,571.064362885533,566.2848774298052,570.7364392510955,48336000,15.369999885559082
2024-09-27,567.8448486328125,570.5774039966909,566.8015214416548,569.7527127715928,42100900,16.959999084472656
2024-09-30,570.120361328125,570.7364235043248,564.4763997038558,566.8015219435828,63557400,16.729999542236328
2024-10-01,565.012939453125,570.4184330981693,562.409564342811,569.7626465103712,72668800,19.260000228881836
2024-10-02,565.25146484375,566.2849064967246,561.6842717014576,564.108796170998,38097800,18.899999618530273
2024-10-03,564.2180786132812,566.185499206709,561.9028418329451,563.7609747596233,40846500,20.489999771118164
2024-10-04,569.3452758789062,569.7228701967099,564.4962273588824,568.7192674387571,42939100,19.209999084472656
2024-10-07,564.1981811523438,568.3318263939267,563.0356199616413,567.6759791031835,49964700,22.639999389648438
2024-10-08,569.5341186523438,570.1402952518803,565.9172548337782,566.8015630876895,37398700,21.420000076293945
2024-10-09,573.4789428710938,574.0453343695604,568.9180327244846,569.5241486507804,37912200,20.860000610351562
2024-10-10,572.475341796875,573.9161558957669,570.8457305312595,572.117640001393,44138100,20.93000030517578
2024-10-11,575.9034423828125,576.6486847463361,572.2566794174254,572.3958058807981,42268000,20.459999084472656
2024-10-14,580.6134033203125,581.5573891736228,577.0461496161133,577.533031622562,36217200,19.700000762939453
2024-10-15,576.1021728515625,581.1896890869497,574.8699878939491,580.8816580095407,54203600,20.639999389648438
2024-10-16,578.606201171875,579.1328682582629,575.2874222334457,576.1022278881695,30725400,19.579999923706055
2024-10-17,578.6558227539062,582.4019270642203,578.4670255981297,582.1932373716321,34393700,19.110000610351562
2024-10-18,580.8816528320312,581.6765658652295,578.8843936568359,580.3649320688628,37416800,18.030000686645508
2024-10-21,579.927734375,581.1399661656003,576.9169261394305,580.1463096888544,36439000,18.3700008392334
2024-10-22,579.6197509765625,580.7922584378235,576.6983982686804,577.3641311814339,34183800,18.200000762939453
2024-10-23,574.3235473632812,578.0199813159995,570.7761861542631,577.5728237328826,49314600,19.239999771118164
2024-10-24,575.5655517578125,576.3803573236686,572.91250602068,576.3008478263231,34979900,19.079999923706055
2024-10-25,575.3668212890625,580.7524830298728,574.4129498913522,577.82118431004,47268200,20.329999923706055
2024-10-28,577.1455688476562,579.013648071529,576.8375377335062,578.8844678641772,30174700,19.799999237060547
2024-10-29,578.0795288085938,579.2122510622435,574.7606896006656,576.1716647696521,42899700,19.34000015258789
2024-10-30,576.3307495117188,579.6197502905108,575.6152852535009,577.6025983681301,41435800,20.350000381469727
2024-10-31,565.0328979492188,571.9785478103307,564.8341545016019,571.9089845712656,60182500,23.15999984741211
2024-11-01,567.4176025390625,571.8990031889416,567.0002837782789,567.6958554782392,45667500,21.8799991607666
2024-11-04,566.1953735351562,568.8683117841309,564.2875701521782,567.5566780058409,38217000,21.979999542236328
2024-11-05,573.041748046875,573.0814724758461,566.9009578077806,567.1195331390961,39478300,20.489999771118164
2024-11-06,587.290771484375,588.1751404085513,581.6766481170673,585.4624773142872,68182000,16.270000457763672
2024-11-07,591.8317260742188,592.8651676361171,589.2382971968773,589.3178066973262,47233200,15.199999809265137
2024-11-08,594.3953857421875,595.8361998006164,592.3881801994943,592.3881801994943,46444900,14.9399995803833
2024-11-11,594.9617309570312,596.362759831691,593.2128859447075,596.0050580740726,37586800,14.970000267028809
2024-11-12,593.1136474609375,595.48844063711,590.5996671575766,594.8823246679941,43006100,14.710000038146973
2024-11-13,593.4017333984375,595.4287708447639,591.1858987893664,593.5805842924092,47388600,14.020000457763672
2024-11-14,589.5860595703125,594.0177893902365,588.8905485392219,593.5309074092812,38904100,14.3100004196167
2024-11-15,582.0343017578125,586.456085364698,580.1562763950889,585.979088998431,75988800,16.139999389648438
2024-11-18,584.4190673828125,585.75053306763,581.6268951744081,582.5012570573457,37084100,15.579999923706055
2024-11-19,586.555419921875,587.2907160283254,580.3252349064234,581.0009140487828,49412000,16.350000381469727
2024-11-20,586.754150390625,587.0422889360375,580.9213917152948,586.6349164650766,50032600,17.15999984741211
2024-11-21,589.904052734375,591.344866826489,583.7235382544677,589.6358067130162,46750300,16.8700008392334
2024-11-22,591.732421875,592.3683766226027,589.3874069721955,589.8941208684593,38226400,15.239999771118164
2024-11-25,593.7396240234375,597.0484566493915,591.4243872937958,595.7169908429067,42441400,14.600000381469727
2024-11-26,596.8397827148438,597.5154618364036,594.2761320418831,595.0014818573266,45621300,14.100000381469727
2024-11-27,595.0313110351562,597.0384558306165,593.4911556618155,596.6509759062111,34000200,14.100000381469727
2024-11-29,598.7277221679688,599.5226352519451,595.5778479906228,595.856040278423,30177400,13.510000228881836
2024-12-02,599.8009033203125,600.4865287602358,598.648227768682,599.1450560396994,31746000,13.34000015258789
2024-12-03,600.0790405273438,600.3274546400478,598.5190532697817,599.5623804135435,26906600,13.300000190734863
2024-12-04,603.8052978515625,604.0537119830409,601.1125274810446,601.7882066409081,42787600,13.449999809265137
2024-12-05,602.8116455078125,604.6201076752798,602.4539437115175,603.8053020406198,28762200,13.539999961853027
2024-12-06,603.954345703125,605.2063625778626,603.1693789132718,603.5866976555247,31241500,12.770000457763672
2024-12-09,600.8441772460938,604.0039974916313,600.2480076329648,603.8350928759075,34742700,14.1899995803833
2024-12-10,598.9761352539062,601.9571047996105,598.3104023701336,601.5298397758172,37234500,14.180000305175781
2024-12-11,603.6065673828125,604.5703850257809,601.6589789125985,601.9372318289047,28677700,13.579999923706055
2024-12-12,600.4964599609375,603.3084642377864,600.4964599609375,602.7321871244142,31543800,13.920000076293945
2024-12-13,600.3772583007812,603.2787185052333,598.9861148428745,602.5533686161162,35904700,13.8100004196167
2024-12-16,602.9407958984375,603.9245667615821,601.370862320769,602.1558291096032,43695200,14.6899995803833
2024-12-17,600.4566650390625,601.3310876116105,599.0655823267214,600.3573236481737,55773500,15.869999885559082
2024-12-18,582.5609741210938,602.5632240884986,582.1734335224694,600.1486460207312,108248700,27.6200008392334
2024-12-19,582.3820190429688,589.2382727831096,582.1336049313401,587.6086616553114,85919500,24.09000015258789
2024-12-20,589.3770751953125,593.963254751842,579.1677354036608,580.0252023798975,125716700,18.360000610351562
2024-12-23,592.9064331054688,593.5145890145251,585.8974879778806,589.1178420766572,57635800,16.780000686645508
2024-12-24,599.49658203125,599.5365010094702,593.6840502010506,594.2723074608894,33160100,14.270000457763672
2024-12-26,599.5364990234375,600.673033709029,596.286266618511,597.7019907423149,41219100,14.729999542236328
2024-12-27,593.2254638671875,595.9871755936747,588.9882104091681,595.7478442826339,64969300,15.949999809265137
2024-12-30,586.455810546875,589.9652730101648,582.6572397439561,586.1268440800185,56578800,17.399999618530273
2024-12-31,584.322265625,588.8685869923663,582.6672101639617,588.1407350043717,57052700,17.350000381469727
